{
  "features": [
    "order_total",
    "shipping_fee",
    "tax_amount",
    "risk_score",
    "customer_age_years",
    "order_hour",
    "order_dow",
    "order_month",
    "item_count",
    "avg_unit_price",
    "zip_mismatch",
    "promo_used"
  ],
  "means": [
    364.97,
    8.04,
    23.32,
    14.7,
    25.0157426,
    12.0,
    3.0,
    10.0,
    3.0,
    110.94,
    0.0,
    0.0
  ],
  "scales": [
    305.7817497,
    5.0940527,
    21.4513869,
    27.3944554,
    14.2989443,
    6.98159,
    2.0087415,
    2.0918257,
    1.4296293,
    85.7877232,
    0.2728351,
    0.4351562
  ],
  "coefs": [
    -0.2447609,
    -0.0468225,
    -0.0603109,
    0.8191446,
    -0.0978457,
    0.0502701,
    -0.0281158,
    -0.1845575,
    0.461523,
    0.3742805,
    0.0868611,
    -0.0900618
  ],
  "intercept": -0.5013782,
  "test_roc_auc": 0.7636,
  "trained_at": "2026-04-01T00:00:00Z",
  "train_samples": 4000,
  "test_samples": 1000
}